{
  "model_name": "autogluon_castle_classifier",
  "training_time_seconds": 782.8097867965698,
  "time_limit": 1800,
  "image_size": [
    224,
    224
  ],
  "train_samples": 201,
  "val_samples": 45,
  "test_samples": 45,
  "evaluation_dataset": "test",
  "metrics": {
    "accuracy": 0.9333333333333333,
    "precision_weighted": 0.9369747899159664,
    "recall_weighted": 0.9333333333333333,
    "f1_score_weighted": 0.9331896551724139,
    "precision_macro": 0.9369747899159663,
    "recall_macro": 0.9333333333333332,
    "f1_score_macro": 0.9331896551724138
  },
  "per_class_metrics": {
    "Готический": {
      "precision": 1.0,
      "recall": 0.9333333333333333,
      "f1_score": 0.9655172413793104,
      "support": 15
    },
    "Ренессанс": {
      "precision": 0.8823529411764706,
      "recall": 1.0,
      "f1_score": 0.9375,
      "support": 15
    },
    "Романский": {
      "precision": 0.9285714285714286,
      "recall": 0.8666666666666667,
      "f1_score": 0.896551724137931,
      "support": 15
    }
  },
  "confusion_matrix": {
    "Готический": {
      "Готический": 14,
      "Ренессанс": 0,
      "Романский": 1
    },
    "Ренессанс": {
      "Готический": 0,
      "Ренессанс": 15,
      "Романский": 0
    },
    "Романский": {
      "Готический": 0,
      "Ренессанс": 2,
      "Романский": 13
    }
  },
  "classes": [
    "Романский",
    "Готический",
    "Ренессанс"
  ],
  "acceptance_criteria": {
    "required_accuracy": 0.8,
    "meets_criteria": true
  },
  "timestamp": "2026-02-19 00:26:39"
}